[
    {
        "class": 48,
        "hub_name": "USB#ROOT_HUB30#7&349e6d04&0&0#{f18a0e88-c30c-11d0-8815-00a0c906bed8}",
        "identifiers": {
            "acpi_path": "\\_SB.PCI0.GPP8.U4UP.U4P2.UXHC",
            "bdf": [
                22,
                0,
                0
            ],
            "driver_key": "{36fc9e60-c465-11cf-8056-444553540000}\\0050",
            "instance_id": "PCI\\VEN_1B21&DEV_2426&SUBSYS_24211B21&REV_01\\451ECAFFFF5177A000",
            "location_paths": [
                "PCIROOT(0)#PCI(0202)#PCI(0000)#PCI(0200)#PCI(0000)",
                "ACPI(_SB_)#ACPI(PCI0)#ACPI(GPP8)#ACPI(U4UP)#ACPI(U4P2)#ACPI(UXHC)"
            ],
            "pci_id": [
                "1b21",
                "2426",
                "2421",
                "1b21"
            ],
            "pci_revision": 1
        },
        "name": "ASMedia USB 3.20 eXtensible-Hostcontroller \u2013 1.20 (Microsoft)",
        "port_count": 4,
        "ports": [
            {
                "class": 3,
                "comment": "REAR - U40G_EC1 (9) - (Companion to Port 3)",
                "companion_info": {
                    "hub": "USB#ROOT_HUB30#7&349e6d04&0&0#{f18a0e88-c30c-11d0-8815-00a0c906bed8}",
                    "multiple_companions": false,
                    "port": 3
                },
                "devices": [],
                "guessed": 9,
                "index": 1,
                "name": "Port 1",
                "selected": false,
                "selection_index": 1,
                "status": "NoDeviceConnected",
                "type": 9,
                "type_c": true,
                "user_connectable": true
            },
            {
                "class": 3,
                "comment": "REAR - U40G_EC2 (10) - (Companion to Port 4)",
                "companion_info": {
                    "hub": "USB#ROOT_HUB30#7&349e6d04&0&0#{f18a0e88-c30c-11d0-8815-00a0c906bed8}",
                    "multiple_companions": false,
                    "port": 4
                },
                "devices": [],
                "guessed": 9,
                "index": 2,
                "name": "Port 2",
                "selected": false,
                "selection_index": 2,
                "status": "NoDeviceConnected",
                "type": null,
                "type_c": true,
                "user_connectable": true
            },
            {
                "class": 2,
                "comment": "REAR - U40G_EC1 (9) - (Companion to Port 1)",
                "companion_info": {
                    "hub": "USB#ROOT_HUB30#7&349e6d04&0&0#{f18a0e88-c30c-11d0-8815-00a0c906bed8}",
                    "multiple_companions": false,
                    "port": 1
                },
                "devices": [],
                "guessed": 9,
                "index": 3,
                "name": "Port 3",
                "selected": false,
                "selection_index": 3,
                "status": "NoDeviceConnected",
                "type": null,
                "type_c": true,
                "user_connectable": true
            },
            {
                "class": 2,
                "comment": "REAR - U40G_EC2 (10) - (Companion to Port 2)",
                "companion_info": {
                    "hub": "USB#ROOT_HUB30#7&349e6d04&0&0#{f18a0e88-c30c-11d0-8815-00a0c906bed8}",
                    "multiple_companions": false,
                    "port": 2
                },
                "devices": [],
                "guessed": 9,
                "index": 4,
                "name": "Port 4",
                "selected": false,
                "selection_index": 4,
                "status": "NoDeviceConnected",
                "type": null,
                "type_c": true,
                "user_connectable": true
            }
        ],
        "selected_count": 0
    },
    {
        "class": 48,
        "hub_name": "USB#ROOT_HUB30#5&239a9e6d&0&0#{f18a0e88-c30c-11d0-8815-00a0c906bed8}",
        "identifiers": {
            "acpi_path": "\\_SB.PCI0.GP19.XHC2",
            "bdf": [
                123,
                0,
                0
            ],
            "driver_key": "{36fc9e60-c465-11cf-8056-444553540000}\\0042",
            "instance_id": "PCI\\VEN_1022&DEV_15B8&SUBSYS_88771043&REV_00\\4&89701DF&0&0043",
            "location_paths": [
                "PCIROOT(0)#PCI(0803)#PCI(0000)",
                "ACPI(_SB_)#ACPI(PCI0)#ACPI(GP19)#ACPI(XHC2)"
            ],
            "pci_id": [
                "1022",
                "15b8",
                "8877",
                "1043"
            ]
        },
        "name": "AMD USB 2.0 eXtensible-Hostcontroller \u2013 1.20 (Microsoft)",
        "port_count": 1,
        "ports": [
            {
                "class": 2,
                "comment": null,
                "companion_info": {
                    "hub": "",
                    "multiple_companions": false,
                    "port": 0
                },
                "devices": [],
                "guessed": 255,
                "index": 1,
                "name": "Port 1",
                "selected": false,
                "selection_index": 5,
                "status": "NoDeviceConnected",
                "type": null,
                "type_c": false,
                "user_connectable": false
            }
        ],
        "selected_count": 0
    },
    {
        "class": 48,
        "hub_name": "USB#ROOT_HUB30#9&eba7ce&0&0#{f18a0e88-c30c-11d0-8815-00a0c906bed8}",
        "identifiers": {
            "acpi_path": "\\_SB.PCI0.GPP7.UP00.DP40.UP00.DP60.XH00",
            "bdf": [
                14,
                0,
                0
            ],
            "driver_key": "{36fc9e60-c465-11cf-8056-444553540000}\\0049",
            "instance_id": "PCI\\VEN_1022&DEV_43FD&SUBSYS_11421B21&REV_01\\8&14937218&0&006000400011",
            "location_paths": [
                "PCIROOT(0)#PCI(0201)#PCI(0000)#PCI(0800)#PCI(0000)#PCI(0C00)#PCI(0000)",
                "ACPI(_SB_)#ACPI(PCI0)#ACPI(GPP7)#ACPI(UP00)#ACPI(DP40)#ACPI(UP00)#ACPI(DP60)#ACPI(XH00)"
            ],
            "pci_id": [
                "1022",
                "43fd",
                "1142",
                "1b21"
            ],
            "pci_revision": 1
        },
        "name": "AMD USB 3.10 eXtensible-Hostcontroller \u2013 1.10 (Microsoft)",
        "port_count": 18,
        "ports": [
            {
                "class": 3,
                "comment": null,
                "companion_info": {
                    "hub": "USB#ROOT_HUB30#9&eba7ce&0&0#{f18a0e88-c30c-11d0-8815-00a0c906bed8}",
                    "multiple_companions": false,
                    "port": 7
                },
                "devices": [],
                "guessed": 3,
                "index": 1,
                "name": "Port 1",
                "selected": false,
                "selection_index": 6,
                "status": "NoDeviceConnected",
                "type": 9,
                "type_c": false,
                "user_connectable": true
            },
            {
                "class": 3,
                "comment": null,
                "companion_info": {
                    "hub": "USB#ROOT_HUB30#9&eba7ce&0&0#{f18a0e88-c30c-11d0-8815-00a0c906bed8}",
                    "multiple_companions": false,
                    "port": 8
                },
                "devices": [],
                "guessed": 3,
                "index": 2,
                "name": "Port 2",
                "selected": false,
                "selection_index": 7,
                "status": "NoDeviceConnected",
                "type": null,
                "type_c": false,
                "user_connectable": true
            },
            {
                "class": 3,
                "comment": "REAR - U10G_20 (13) - (Companion to Port 9)",
                "companion_info": {
                    "hub": "USB#ROOT_HUB30#9&eba7ce&0&0#{f18a0e88-c30c-11d0-8815-00a0c906bed8}",
                    "multiple_companions": false,
                    "port": 9
                },
                "devices": [],
                "guessed": 3,
                "index": 3,
                "name": "Port 3",
                "selected": true,
                "selection_index": 8,
                "status": "DeviceConnected",
                "type": 0,
                "type_c": false,
                "user_connectable": true
            },
            {
                "class": 3,
                "comment": null,
                "companion_info": {
                    "hub": "USB#ROOT_HUB30#9&eba7ce&0&0#{f18a0e88-c30c-11d0-8815-00a0c906bed8}",
                    "multiple_companions": false,
                    "port": 10
                },
                "devices": [],
                "guessed": 3,
                "index": 4,
                "name": "Port 4",
                "selected": false,
                "selection_index": 9,
                "status": "NoDeviceConnected",
                "type": null,
                "type_c": false,
                "user_connectable": true
            },
            {
                "class": 3,
                "comment": null,
                "companion_info": {
                    "hub": "USB#ROOT_HUB30#9&eba7ce&0&0#{f18a0e88-c30c-11d0-8815-00a0c906bed8}",
                    "multiple_companions": false,
                    "port": 11
                },
                "devices": [],
                "guessed": 9,
                "index": 5,
                "name": "Port 5",
                "selected": false,
                "selection_index": 10,
                "status": "NoDeviceConnected",
                "type": null,
                "type_c": true,
                "user_connectable": true
            },
            {
                "class": 3,
                "comment": "REAR - U10G_C23 (14)",
                "companion_info": {
                    "hub": "USB#ROOT_HUB30#9&eba7ce&0&0#{f18a0e88-c30c-11d0-8815-00a0c906bed8}",
                    "multiple_companions": false,
                    "port": 12
                },
                "devices": [],
                "guessed": 9,
                "index": 6,
                "name": "Port 6",
                "selected": true,
                "selection_index": 11,
                "status": "NoDeviceConnected",
                "type": 9,
                "type_c": true,
                "user_connectable": true
            },
            {
                "class": 2,
                "comment": "REAR - U10G_18 (2)",
                "companion_info": {
                    "hub": "USB#ROOT_HUB30#9&eba7ce&0&0#{f18a0e88-c30c-11d0-8815-00a0c906bed8}",
                    "multiple_companions": false,
                    "port": 1
                },
                "devices": [],
                "guessed": 3,
                "index": 7,
                "name": "Port 7",
                "selected": true,
                "selection_index": 12,
                "status": "DeviceConnected",
                "type": 0,
                "type_c": false,
                "user_connectable": true
            },
            {
                "class": 2,
                "comment": "REAR - U10G_19 (11)",
                "companion_info": {
                    "hub": "USB#ROOT_HUB30#9&eba7ce&0&0#{f18a0e88-c30c-11d0-8815-00a0c906bed8}",
                    "multiple_companions": false,
                    "port": 2
                },
                "devices": [],
                "guessed": 3,
                "index": 8,
                "name": "Port 8",
                "selected": true,
                "selection_index": 13,
                "status": "DeviceConnected",
                "type": 0,
                "type_c": false,
                "user_connectable": true
            },
            {
                "class": 2,
                "comment": "REAR - U10G_20 (13) - (Companion to Port 3)",
                "companion_info": {
                    "hub": "USB#ROOT_HUB30#9&eba7ce&0&0#{f18a0e88-c30c-11d0-8815-00a0c906bed8}",
                    "multiple_companions": false,
                    "port": 3
                },
                "devices": [],
                "guessed": 3,
                "index": 9,
                "name": "Port 9",
                "selected": true,
                "selection_index": 14,
                "status": "DeviceConnected",
                "type": 0,
                "type_c": false,
                "user_connectable": true
            },
            {
                "class": 2,
                "comment": "REAR - U10G_21 (5)",
                "companion_info": {
                    "hub": "USB#ROOT_HUB30#9&eba7ce&0&0#{f18a0e88-c30c-11d0-8815-00a0c906bed8}",
                    "multiple_companions": false,
                    "port": 4
                },
                "devices": [],
                "guessed": 3,
                "index": 10,
                "name": "Port 10",
                "selected": true,
                "selection_index": 15,
                "status": "DeviceConnected",
                "type": 0,
                "type_c": false,
                "user_connectable": true
            },
            {
                "class": 2,
                "comment": null,
                "companion_info": {
                    "hub": "USB#ROOT_HUB30#9&eba7ce&0&0#{f18a0e88-c30c-11d0-8815-00a0c906bed8}",
                    "multiple_companions": false,
                    "port": 5
                },
                "devices": [],
                "guessed": 9,
                "index": 11,
                "name": "Port 11",
                "selected": false,
                "selection_index": 16,
                "status": "NoDeviceConnected",
                "type": null,
                "type_c": true,
                "user_connectable": true
            },
            {
                "class": 2,
                "comment": null,
                "companion_info": {
                    "hub": "USB#ROOT_HUB30#9&eba7ce&0&0#{f18a0e88-c30c-11d0-8815-00a0c906bed8}",
                    "multiple_companions": false,
                    "port": 6
                },
                "devices": [],
                "guessed": 9,
                "index": 12,
                "name": "Port 12",
                "selected": false,
                "selection_index": 17,
                "status": "NoDeviceConnected",
                "type": null,
                "type_c": true,
                "user_connectable": true
            },
            {
                "class": 2,
                "comment": "INTERNAL - Realtek ALC4082 USB Audio",
                "companion_info": {
                    "hub": "",
                    "multiple_companions": false,
                    "port": 0
                },
                "devices": [],
                "guessed": 255,
                "index": 13,
                "name": "Port 13",
                "selected": true,
                "selection_index": 18,
                "status": "DeviceConnected",
                "type": 255,
                "type_c": false,
                "user_connectable": false
            },
            {
                "class": 2,
                "comment": "INTERNAL - Broadcom BRCM20702 Bluetooth",
                "companion_info": {
                    "hub": "",
                    "multiple_companions": false,
                    "port": 0
                },
                "devices": [],
                "guessed": 255,
                "index": 14,
                "name": "Port 14",
                "selected": true,
                "selection_index": 19,
                "status": "DeviceConnected",
                "type": 255,
                "type_c": false,
                "user_connectable": false
            },
            {
                "class": 2,
                "comment": null,
                "companion_info": {
                    "hub": "",
                    "multiple_companions": false,
                    "port": 0
                },
                "devices": [
                    {
                        "devices": [],
                        "instance_id": "USB\\VID_0B05&PID_1C83\\367D33913333",
                        "name": "Motherboard LCD Panel",
                        "speed": 2
                    }
                ],
                "guessed": 255,
                "index": 15,
                "name": "Port 15",
                "selected": false,
                "selection_index": 20,
                "status": "DeviceConnected",
                "type": null,
                "type_c": false,
                "user_connectable": false
            },
            {
                "class": 2,
                "comment": null,
                "companion_info": {
                    "hub": "",
                    "multiple_companions": false,
                    "port": 0
                },
                "devices": [
                    {
                        "devices": [],
                        "instance_id": "USB\\VID_0B05&PID_1AA6\\9876543210",
                        "name": "AURA LED Controller",
                        "speed": 1
                    }
                ],
                "guessed": 255,
                "index": 16,
                "name": "Port 16",
                "selected": false,
                "selection_index": 21,
                "status": "DeviceConnected",
                "type": null,
                "type_c": false,
                "user_connectable": false
            },
            {
                "class": 2,
                "comment": null,
                "companion_info": {
                    "hub": "",
                    "multiple_companions": false,
                    "port": 0
                },
                "devices": [],
                "guessed": 255,
                "index": 17,
                "name": "Port 17",
                "selected": false,
                "selection_index": 22,
                "status": "NoDeviceConnected",
                "type": null,
                "type_c": false,
                "user_connectable": false
            },
            {
                "class": 2,
                "comment": null,
                "companion_info": {
                    "hub": "",
                    "multiple_companions": false,
                    "port": 0
                },
                "devices": [],
                "guessed": 255,
                "index": 18,
                "name": "Port 18",
                "selected": false,
                "selection_index": 23,
                "status": "NoDeviceConnected",
                "type": null,
                "type_c": false,
                "user_connectable": false
            }
        ],
        "selected_count": 8
    },
    {
        "class": 48,
        "hub_name": "USB#ROOT_HUB30#7&1c44d799&0&0#{f18a0e88-c30c-11d0-8815-00a0c906bed8}",
        "identifiers": {
            "acpi_path": "\\_SB.PCI0.GPP7.UP00.DP60.XH00",
            "bdf": [
                16,
                0,
                0
            ],
            "driver_key": "{36fc9e60-c465-11cf-8056-444553540000}\\0047",
            "instance_id": "PCI\\VEN_1022&DEV_43FD&SUBSYS_11421B21&REV_01\\6&2AF91C3C&0&00600011",
            "location_paths": [
                "PCIROOT(0)#PCI(0201)#PCI(0000)#PCI(0C00)#PCI(0000)",
                "ACPI(_SB_)#ACPI(PCI0)#ACPI(GPP7)#ACPI(UP00)#ACPI(DP60)#ACPI(XH00)"
            ],
            "pci_id": [
                "1022",
                "43fd",
                "1142",
                "1b21"
            ],
            "pci_revision": 1
        },
        "name": "AMD USB 3.20 eXtensible-Hostcontroller \u2013 1.10 (Microsoft)",
        "port_count": 17,
        "ports": [
            {
                "class": 3,
                "comment": "FRONT - U20G_C6 (11)",
                "companion_info": {
                    "hub": "USB#ROOT_HUB30#7&1c44d799&0&0#{f18a0e88-c30c-11d0-8815-00a0c906bed8}",
                    "multiple_companions": true,
                    "port": 6
                },
                "devices": [],
                "guessed": 9,
                "index": 1,
                "name": "Port 1",
                "selected": true,
                "selection_index": 24,
                "status": "NoDeviceConnected",
                "type": 9,
                "type_c": true,
                "user_connectable": true
            },
            {
                "class": 3,
                "comment": null,
                "companion_info": {
                    "hub": "USB#ROOT_HUB30#7&1c44d799&0&0#{f18a0e88-c30c-11d0-8815-00a0c906bed8}",
                    "multiple_companions": false,
                    "port": 7
                },
                "devices": [],
                "guessed": 3,
                "index": 2,
                "name": "Port 2",
                "selected": false,
                "selection_index": 25,
                "status": "NoDeviceConnected",
                "type": null,
                "type_c": false,
                "user_connectable": true
            },
            {
                "class": 3,
                "comment": null,
                "companion_info": {
                    "hub": "USB#ROOT_HUB30#7&1c44d799&0&0#{f18a0e88-c30c-11d0-8815-00a0c906bed8}",
                    "multiple_companions": false,
                    "port": 8
                },
                "devices": [],
                "guessed": 3,
                "index": 3,
                "name": "Port 3",
                "selected": false,
                "selection_index": 26,
                "status": "NoDeviceConnected",
                "type": null,
                "type_c": false,
                "user_connectable": true
            },
            {
                "class": 3,
                "comment": null,
                "companion_info": {
                    "hub": "USB#ROOT_HUB30#7&1c44d799&0&0#{f18a0e88-c30c-11d0-8815-00a0c906bed8}",
                    "multiple_companions": false,
                    "port": 9
                },
                "devices": [],
                "guessed": 9,
                "index": 4,
                "name": "Port 4",
                "selected": false,
                "selection_index": 27,
                "status": "NoDeviceConnected",
                "type": null,
                "type_c": true,
                "user_connectable": true
            },
            {
                "class": 3,
                "comment": "FRONT - U5G_E1/U5G_E2/U5G_E3/U5G_E4 (13)",
                "companion_info": {
                    "hub": "",
                    "multiple_companions": false,
                    "port": 0
                },
                "devices": [],
                "guessed": 255,
                "index": 5,
                "name": "Port 5",
                "selected": true,
                "selection_index": 28,
                "status": "DeviceConnected",
                "type": 0,
                "type_c": false,
                "user_connectable": false
            },
            {
                "class": 2,
                "comment": null,
                "companion_info": {
                    "hub": "USB#ROOT_HUB30#7&1c44d799&0&0#{f18a0e88-c30c-11d0-8815-00a0c906bed8}",
                    "multiple_companions": true,
                    "port": 1
                },
                "devices": [],
                "guessed": 9,
                "index": 6,
                "name": "Port 6",
                "selected": false,
                "selection_index": 29,
                "status": "NoDeviceConnected",
                "type": null,
                "type_c": true,
                "user_connectable": true
            },
            {
                "class": 2,
                "comment": "REAR - U10G_8 (5)",
                "companion_info": {
                    "hub": "USB#ROOT_HUB30#7&1c44d799&0&0#{f18a0e88-c30c-11d0-8815-00a0c906bed8}",
                    "multiple_companions": false,
                    "port": 2
                },
                "devices": [],
                "guessed": 3,
                "index": 7,
                "name": "Port 7",
                "selected": true,
                "selection_index": 30,
                "status": "NoDeviceConnected",
                "type": 0,
                "type_c": false,
                "user_connectable": true
            },
            {
                "class": 2,
                "comment": null,
                "companion_info": {
                    "hub": "USB#ROOT_HUB30#7&1c44d799&0&0#{f18a0e88-c30c-11d0-8815-00a0c906bed8}",
                    "multiple_companions": false,
                    "port": 3
                },
                "devices": [],
                "guessed": 3,
                "index": 8,
                "name": "Port 8",
                "selected": false,
                "selection_index": 31,
                "status": "NoDeviceConnected",
                "type": null,
                "type_c": false,
                "user_connectable": true
            },
            {
                "class": 2,
                "comment": null,
                "companion_info": {
                    "hub": "USB#ROOT_HUB30#7&1c44d799&0&0#{f18a0e88-c30c-11d0-8815-00a0c906bed8}",
                    "multiple_companions": false,
                    "port": 4
                },
                "devices": [],
                "guessed": 9,
                "index": 9,
                "name": "Port 9",
                "selected": false,
                "selection_index": 32,
                "status": "NoDeviceConnected",
                "type": null,
                "type_c": true,
                "user_connectable": true
            },
            {
                "class": 2,
                "comment": null,
                "companion_info": {
                    "hub": "",
                    "multiple_companions": false,
                    "port": 0
                },
                "devices": [],
                "guessed": 255,
                "index": 10,
                "name": "Port 10",
                "selected": false,
                "selection_index": 33,
                "status": "DeviceConnected",
                "type": null,
                "type_c": false,
                "user_connectable": false
            },
            {
                "class": 2,
                "comment": null,
                "companion_info": {
                    "hub": "",
                    "multiple_companions": false,
                    "port": 0
                },
                "devices": [],
                "guessed": 0,
                "index": 11,
                "name": "Port 11",
                "selected": false,
                "selection_index": 34,
                "status": "NoDeviceConnected",
                "type": null,
                "type_c": false,
                "user_connectable": true
            },
            {
                "class": 2,
                "comment": null,
                "companion_info": {
                    "hub": "",
                    "multiple_companions": false,
                    "port": 0
                },
                "devices": [],
                "guessed": 0,
                "index": 12,
                "name": "Port 12",
                "selected": false,
                "selection_index": 35,
                "status": "NoDeviceConnected",
                "type": null,
                "type_c": false,
                "user_connectable": true
            },
            {
                "class": 2,
                "comment": null,
                "companion_info": {
                    "hub": "",
                    "multiple_companions": false,
                    "port": 0
                },
                "devices": [],
                "guessed": 0,
                "index": 13,
                "name": "Port 13",
                "selected": false,
                "selection_index": 36,
                "status": "NoDeviceConnected",
                "type": null,
                "type_c": false,
                "user_connectable": true
            },
            {
                "class": 2,
                "comment": null,
                "companion_info": {
                    "hub": "",
                    "multiple_companions": false,
                    "port": 0
                },
                "devices": [],
                "guessed": 0,
                "index": 14,
                "name": "Port 14",
                "selected": false,
                "selection_index": 37,
                "status": "NoDeviceConnected",
                "type": null,
                "type_c": false,
                "user_connectable": true
            },
            {
                "class": 2,
                "comment": null,
                "companion_info": {
                    "hub": "",
                    "multiple_companions": false,
                    "port": 0
                },
                "devices": [],
                "guessed": 255,
                "index": 15,
                "name": "Port 15",
                "selected": false,
                "selection_index": 38,
                "status": "NoDeviceConnected",
                "type": null,
                "type_c": false,
                "user_connectable": false
            },
            {
                "class": 2,
                "comment": null,
                "companion_info": {
                    "hub": "",
                    "multiple_companions": false,
                    "port": 0
                },
                "devices": [],
                "guessed": 255,
                "index": 16,
                "name": "Port 16",
                "selected": false,
                "selection_index": 39,
                "status": "NoDeviceConnected",
                "type": null,
                "type_c": false,
                "user_connectable": false
            },
            {
                "class": 2,
                "comment": null,
                "companion_info": {
                    "hub": "",
                    "multiple_companions": false,
                    "port": 0
                },
                "devices": [],
                "guessed": 255,
                "index": 17,
                "name": "Port 17",
                "selected": false,
                "selection_index": 40,
                "status": "NoDeviceConnected",
                "type": null,
                "type_c": false,
                "user_connectable": false
            }
        ],
        "selected_count": 3
    },
    {
        "class": 48,
        "hub_name": "USB#ROOT_HUB30#5&b222599&0&0#{f18a0e88-c30c-11d0-8815-00a0c906bed8}",
        "identifiers": {
            "acpi_path": "\\_SB.PCI0.GP17.XHC1",
            "bdf": [
                122,
                0,
                4
            ],
            "driver_key": "{36fc9e60-c465-11cf-8056-444553540000}\\0033",
            "instance_id": "PCI\\VEN_1022&DEV_15B7&SUBSYS_88771043&REV_00\\4&1EBE6A9C&0&0441",
            "location_paths": [
                "PCIROOT(0)#PCI(0801)#PCI(0004)",
                "ACPI(_SB_)#ACPI(PCI0)#ACPI(GP17)#ACPI(XHC1)"
            ],
            "pci_id": [
                "1022",
                "15b7",
                "8877",
                "1043"
            ]
        },
        "name": "AMD USB 3.10 eXtensible-Hostcontroller \u2013 1.20 (Microsoft)",
        "port_count": 4,
        "ports": [
            {
                "class": 2,
                "comment": "REAR - U10G_3 (2) - (Companion to Port 3)",
                "companion_info": {
                    "hub": "USB#ROOT_HUB30#5&b222599&0&0#{f18a0e88-c30c-11d0-8815-00a0c906bed8}",
                    "multiple_companions": false,
                    "port": 3
                },
                "devices": [],
                "guessed": 3,
                "index": 1,
                "name": "Port 1",
                "selected": true,
                "selection_index": 41,
                "status": "NoDeviceConnected",
                "type": 0,
                "type_c": false,
                "user_connectable": true
            },
            {
                "class": 2,
                "comment": "REAR - U10G_4 (2)",
                "companion_info": {
                    "hub": "USB#ROOT_HUB30#5&b222599&0&0#{f18a0e88-c30c-11d0-8815-00a0c906bed8}",
                    "multiple_companions": false,
                    "port": 4
                },
                "devices": [],
                "guessed": 3,
                "index": 2,
                "name": "Port 2",
                "selected": true,
                "selection_index": 42,
                "status": "DeviceConnected",
                "type": 0,
                "type_c": false,
                "user_connectable": true
            },
            {
                "class": 3,
                "comment": "REAR - U10G_3 (2) - (Companion to Port 1)",
                "companion_info": {
                    "hub": "USB#ROOT_HUB30#5&b222599&0&0#{f18a0e88-c30c-11d0-8815-00a0c906bed8}",
                    "multiple_companions": false,
                    "port": 1
                },
                "devices": [],
                "guessed": 3,
                "index": 3,
                "name": "Port 3",
                "selected": true,
                "selection_index": 43,
                "status": "NoDeviceConnected",
                "type": 0,
                "type_c": false,
                "user_connectable": true
            },
            {
                "class": 3,
                "comment": null,
                "companion_info": {
                    "hub": "USB#ROOT_HUB30#5&b222599&0&0#{f18a0e88-c30c-11d0-8815-00a0c906bed8}",
                    "multiple_companions": false,
                    "port": 2
                },
                "devices": [],
                "guessed": 3,
                "index": 4,
                "name": "Port 4",
                "selected": false,
                "selection_index": 44,
                "status": "NoDeviceConnected",
                "type": null,
                "type_c": false,
                "user_connectable": true
            }
        ],
        "selected_count": 3
    },
    {
        "class": 48,
        "hub_name": "USB#ROOT_HUB30#5&2e6429fc&0&0#{f18a0e88-c30c-11d0-8815-00a0c906bed8}",
        "identifiers": {
            "acpi_path": "\\_SB.PCI0.GP17.XHC0",
            "bdf": [
                122,
                0,
                3
            ],
            "driver_key": "{36fc9e60-c465-11cf-8056-444553540000}\\0032",
            "instance_id": "PCI\\VEN_1022&DEV_15B6&SUBSYS_88771043&REV_00\\4&1EBE6A9C&0&0341",
            "location_paths": [
                "PCIROOT(0)#PCI(0801)#PCI(0003)",
                "ACPI(_SB_)#ACPI(PCI0)#ACPI(GP17)#ACPI(XHC0)"
            ],
            "pci_id": [
                "1022",
                "15b6",
                "8877",
                "1043"
            ]
        },
        "name": "AMD USB 3.10 eXtensible-Hostcontroller \u2013 1.20 (Microsoft)",
        "port_count": 4,
        "ports": [
            {
                "class": 2,
                "comment": null,
                "companion_info": {
                    "hub": "",
                    "multiple_companions": false,
                    "port": 0
                },
                "devices": [],
                "guessed": 255,
                "index": 1,
                "name": "Port 1",
                "selected": false,
                "selection_index": 45,
                "status": "NoDeviceConnected",
                "type": null,
                "type_c": false,
                "user_connectable": false
            },
            {
                "class": 2,
                "comment": null,
                "companion_info": {
                    "hub": "",
                    "multiple_companions": false,
                    "port": 0
                },
                "devices": [],
                "guessed": 255,
                "index": 2,
                "name": "Port 2",
                "selected": false,
                "selection_index": 46,
                "status": "NoDeviceConnected",
                "type": null,
                "type_c": false,
                "user_connectable": false
            },
            {
                "class": 3,
                "comment": null,
                "companion_info": {
                    "hub": "",
                    "multiple_companions": false,
                    "port": 0
                },
                "devices": [],
                "guessed": 255,
                "index": 3,
                "name": "Port 3",
                "selected": false,
                "selection_index": 47,
                "status": "NoDeviceConnected",
                "type": null,
                "type_c": false,
                "user_connectable": false
            },
            {
                "class": 3,
                "comment": null,
                "companion_info": {
                    "hub": "",
                    "multiple_companions": false,
                    "port": 0
                },
                "devices": [],
                "guessed": 255,
                "index": 4,
                "name": "Port 4",
                "selected": false,
                "selection_index": 48,
                "status": "NoDeviceConnected",
                "type": null,
                "type_c": false,
                "user_connectable": false
            }
        ],
        "selected_count": 0
    }
]